"COMID","JAN_Q_NORM","FEB_Q_NORM","MARCH_Q_NORM","APRIL_Q_NORM","MAY_Q_NORM","JUNE_Q_NORM","JULY_Q_NORM","AUG_Q_NORM","SEPT_Q_NORM","OCT_Q_NORM","NOV_Q_NORM","DEC_Q_NORM","LONG_TA_METERS","LAT_TA_METERS","TotDASqKM","IN_HUC12","GAGE_ID"
342483,0.473705335548036,0.472029440740999,0.754481106523825,1.91904524807006,3.56750900336131,2.75804790270318,0.760604545502021,0.163354947521543,0.0854219355695585,0.108821245652357,0.322336337594298,0.469660366980319,-1569.404212,46426.31233,74.1735,180400100301,"NSD"
343249,0.495669873141912,0.531113361203729,0.761576417833735,1.71851269528321,3.56768738468938,2.67208282170833,0.792782745509638,0.171301987253804,0.0973463703679799,0.160325377067979,0.343451744947477,0.518358139539004,-655.9981562,20136.0205,123.2154,180400100502,"S61"
343291,0.502316588168169,0.541226494148338,0.774443623063946,1.73653411771846,3.56366189688138,2.63322191905304,0.781759696317376,0.170585285227964,0.0976145370947013,0.160369492240964,0.344119328821883,0.520991540013115,-4009.645604,17944.78491,125.1639,180400100502,"S83"
346921,0.390915153757366,0.355860304706531,0.575627917041211,1.24379762638577,2.88213133044857,3.01678896797615,1.66630183131411,0.531008610660309,0.215914690607235,0.195206639504611,0.344298892620466,0.431024986342035,22686.29788,31283.52123,119.3733,180400100205,"S52"
348419,3.04197017591826,3.09199510303776,2.4824831675615,1.205794123204,0.310160959458367,0.0764929416795277,0.0141548702728184,0.00374224792829559,0.00343458354760134,0.0218325788025776,0.258819642324304,1.24856940864201,-53979.84183,-5975.642371,37.5984,180400100607,"11299600"
1669045,2.90831147146761,2.99562244144897,1.96396600700587,1.02307798979957,0.349762679526618,0.132029553530486,0.0600793699380755,0.0370019133350752,0.0350574975935671,0.0919611553670978,0.501376718098185,1.73852375706428,-223463.3067,47756.94213,42.2226,180500020301,"11458433"
1669113,3.05344039880454,3.11795815409468,2.08979224720945,1.00865674150481,0.314221488466112,0.107743673485281,0.0384894275517888,0.0168646963385272,0.0171348285637338,0.0855628219440286,0.468840011479993,1.5698909873671,-200981.254,41558.24523,573.0543,180500020205,"11458000"
1669845,3.15291732570542,3.219419984924,1.99364013273981,0.928293114006048,0.28391245838289,0.115796625209119,0.0495411177435965,0.0303924592697627,0.0271879494148316,0.0988130677796764,0.447721312774965,1.72397522634531,-225905.5248,13226.99578,47.3499,180500020603,"11459500"
1671509,3.09387237562894,3.07546334738215,1.89567518237235,0.915880552252031,0.27105662447072,0.112346867869512,0.0489504356311882,0.0301459395097386,0.0306950244602581,0.122505450330555,0.532826600270283,1.8710975435144,-224320.7308,-2909.672675,48.2778,180500020901,"11460000"
1680009,1.74353359244723,1.88628051268997,1.80196115643009,2.01265795995094,1.35511276162343,0.600832169466601,0.291509530891542,0.166756597935699,0.115537708532098,0.194277403046965,0.488828271442768,1.27315217822766,-146398.3119,191336.7612,391.2813,180201580202,"11390000"
2495212,2.50784013777692,2.39663019011756,1.93484062321413,1.31756061557143,0.676258587803373,0.270552205855674,0.089921215021717,0.0511713486849461,0.0591850151992338,0.177950256945205,0.632903938125692,1.7351228765542,-189261.0573,278762.0055,1094.9472,180201510403,"11374000"
2496048,1.36071941533021,1.5149975444498,1.40845118860475,1.71575813331676,1.80481422434534,0.99530168298807,0.434042224209224,0.413393009128946,0.351875846524139,0.4009443629245,0.504497695536384,0.949243650004233,-182184.7598,266750.3926,934.6239,180201530302,"11376550"
2546355,2.72561522543169,2.36314914783871,1.88691389966899,1.04853745051848,0.440706892270236,0.222255262605384,0.0763972864510755,0.0395248547270458,0.0346235863591649,0.142284994129948,0.681233201318662,2.38517689415748,-339930.0238,243089.7277,184.005,180101070203,"11468900"
2665525,2.87876178223709,2.54148390073623,2.1019563711158,1.03538273869828,0.385389133178386,0.166400223363107,0.0690423784560866,0.0367587504869097,0.0289587844204483,0.0901918413980496,0.480305115876027,2.02778897275991,-321454.912,163267.6522,273.5289,180101080204,"11468500"
2706571,2.71053705838693,2.50319391158776,1.96841907617023,1.2050709105478,0.58502893818828,0.190206971343485,0.0487584888917761,0.0162053866022978,0.0292750333679543,0.110895069928722,0.568308824954248,1.94482600501328,-309044.9019,250616.9792,5460.9255,180101050406,"11475000"
2766098,1.12224427717952,1.21103992678911,1.1803631918726,2.03427861915383,2.75428352995609,1.08627218063024,0.397981028306779,0.311935213081454,0.236573083164138,0.308905083378196,0.411948539391045,0.770000626469526,-167127.3406,266901.1807,798.255,180201530204,"BTB"
2790443,2.75394035267812,3.08269111660897,2.40053494991372,1.33216929802099,0.416305501205094,0.161999719386547,0.0594073843555059,0.020132240114647,0.0104084705663089,0.107619632740838,0.201120832788568,1.25605744545469,-175447.6716,-25210.36448,16.5258,180500010201,"11182500"
2803935,2.90999701448203,3.10036311572345,2.39506781100566,1.27763424323268,0.347084170794321,0.128435025311973,0.0413392286449026,0.0169932808548715,0.0102228456590544,0.117103228745224,0.208579987828071,1.27671929882907,-179934.8157,-32681.70917,28.3221,180500040801,"11180900"
2803945,2.94854284474214,3.15964010911288,2.28840899941526,1.23494450555999,0.335241135742582,0.148419270230959,0.0492082985606829,0.0215504293140092,0.0201815199727379,0.136546811997152,0.25315164776895,1.26977048062266,-180055.9365,-33760.08916,42.7617,180500040802,"11180825"
2803983,2.98348688086896,3.07075547086507,2.36357017617389,1.26859475295295,0.331969443309639,0.125814219384422,0.047503909745709,0.0244622711283063,0.018036989466165,0.119472140269178,0.21157024543621,1.28872781573567,-181791.3019,-34803.46645,95.3739,180500040802,"11181000"
2803985,3.18577257451469,2.97358123477784,2.21439203885385,1.04354483715506,0.393076530064475,0.156550456382117,0.098874390634546,0.0899512480627438,0.180402847992532,0.0784044487407198,0.248070514709062,1.1314634611242,-183223.4106,-35389.87048,14.3613,180500040802,"11181008"
2804369,2.9176658956221,3.28040022480208,2.45676438205881,1.307032725952,0.265089917745962,0.0749793073292527,0.0172847592881687,0.00505808861478743,0.00187824800797421,0.0552981577218842,0.176488995494893,1.28758484323217,-178408.9451,-43709.62256,27.1953,180500040603,"11180500"
2804901,2.90842766435595,3.12926329421592,2.46108862249312,1.31257306792532,0.329206403072001,0.107811527559096,0.0310936563422856,0.00618699365827331,0.00122355495978758,0.0930117603540484,0.188427347888094,1.25116147020347,-180833.2056,-31241.55091,16.2738,180500040801,"11180960"
2804929,3.14225110928889,3.04615407064824,2.32325926040287,1.20375955026753,0.314620185721366,0.116149705013498,0.0512388684625078,0.0315535766241096,0.0131621889119293,0.121109336589174,0.209064891677917,1.26057131576972,-188447.291,-34810.27831,119.1456,180500040804,"11181040"
2806353,3.44762144439276,3.10025956130905,2.2508182571683,1.10220928362036,0.289616675569805,0.105628862173327,0.053154223353288,0.0271190425480934,0.0346609227396431,0.0784904773034242,0.244042745364149,1.09136292406781,-169007.5723,-34076.04432,103.086,180500040502,"11174600"
2806611,3.40658806223123,3.30318726669747,2.4800985127254,0.984188888470359,0.249055915064038,0.0900513529639273,0.039480715074548,0.0133927630961665,0.0195003650995192,0.0293875216879754,0.14039798051261,1.04355299774384,-165949.9542,-41680.98314,1048.3533,180500040503,"11176900"
2806725,3.03444713816551,3.34483762261088,2.53210144437719,1.06938457371685,0.257309527140369,0.090398727087105,0.043329181577272,0.0231479407548503,0.0216984222010846,0.037866241110156,0.172234516137488,1.18918588480073,-172894.46,-45925.72692,1642.5882,180500040603,"11179000"
2806807,2.94876574451217,3.52849337383318,2.6142874327243,1.08445072899165,0.256852915900438,0.0785527103380056,0.0191364478935894,0.00577493937021479,0.00342337353718583,0.00960799471370942,0.143761962157594,1.09657691502213,-148527.5982,-49266.60654,336.6315,180500040405,"11176400"
2806865,2.99529436452244,3.02018361968855,2.50953741447805,1.16431468309238,0.349035044986608,0.129678181760931,0.0524030426636351,0.0274500527768537,0.0247157001497412,0.0349798973897026,0.204832485210522,1.32577246564423,-163787.4529,-51297.77056,385.7715,180500040602,"11173575"
2806979,2.9524952028312,3.00525714241898,2.55810605719955,1.17315500715359,0.351203362983346,0.130829824164736,0.0519979124601735,0.0242859000433008,0.020735509270152,0.0331409158807556,0.213799115091894,1.32068661939827,-161072.7669,-55458.0788,361.3176,180500040602,"11173510"
2808579,2.82267219718244,2.90501897695926,2.65043656635073,1.2110620606843,0.357353359110599,0.128649705207433,0.0528394320626579,0.0349398596454389,0.0211015475894267,0.0239308790188913,0.221460473947608,1.37680909336619,-158503.6291,-49106.9123,18.9495,180500040601,"11173800"
2809681,2.82226108199195,3.08718481976007,2.56270705279771,1.17292763786618,0.367885671164887,0.134761003227438,0.0484029679608803,0.0210545843524984,0.0141416195454139,0.0254885102340041,0.228828868271245,1.34563586196666,-156574.027,-56222.97422,87.4467,180500040602,"11172945"
2809859,2.8794981352257,3.19379084225941,2.51704257377904,1.11960111626132,0.343684974481332,0.135743937450599,0.0541017715851505,0.0277611599632385,0.0229824684492439,0.0356856692556292,0.228340261551041,1.28452903267258,-156280.4975,-60212.41787,199.8549,180500040103,"11173200"
2819818,0.865845336582934,1.02737026361352,1.24811975975983,1.87706307336926,2.66126825087089,1.72660640652691,0.573792016111934,0.345587080602229,0.207888270397876,0.198508925331569,0.375558430978123,0.699010880523157,-97737.83208,-31300.74936,2800.7937,180400100706,"11303000"
2819852,0.86535086617602,1.0277127974231,1.24311225156328,1.87683657804327,2.66506828928859,1.727067675694,0.573692868953446,0.345579594935216,0.208091183460425,0.198519748537043,0.375448716240235,0.699254322759155,-103032.6321,-34557.93099,2804.4981,180400100704,"KOT"
2824270,2.37514114962057,2.62747759964994,2.42783577555185,1.60287058932096,0.51954196442119,0.162564941204141,0.103016200479069,0.192954404382354,0.436957182835366,0.0798053389685083,0.40621058845237,0.777215738092724,-40845.59338,-51188.6437,175.8429,180400080703,"DSN"
2826944,1.94012921739777,1.24926673114922,1.87761930097016,1.71789073768934,0.939365408306858,0.555641264749341,0.356698906630483,0.291140710091112,0.287944629010348,0.778376265721976,0.666332165343573,1.04022123504555,-95440.82568,-57525.32265,26920.4094,180400020403,"SJP"
2827158,2.66660286842962,4.07663512512102,2.56803741004218,1.18139032085564,0.240146660597279,0.0945024022027181,0.0457758786293033,0.0248179793558571,0.00512718343975921,0.0418552151072427,0.111427881884036,0.684300567137722,-89801.61335,-66531.37227,465.2055,180400020104,"OCL"
2827982,2.47103733736731,3.77609649906723,2.7458674050325,1.2410644582209,0.409551424402717,0.171682090395167,0.0313868551526874,0.0068978191604231,0.0110951350396726,0.00970524799204566,0.101513672609489,0.724036227857117,-106760.8364,-58211.34703,190.4094,180400020302,"11274630"
2828012,2.83712716629717,4.1574081753938,2.55454360244401,1.14040348005961,0.2099882765022,0.0462973750287451,0.00631048213070714,0.000990940533119936,0.001412777626615,0.0116352016523615,0.0717842032145196,0.725326834587546,-99579.25284,-77321.96393,352.4769,180400020104,"11274500"
2828044,1.89562323483506,1.24317869727085,1.92539040902577,1.71645683994608,0.938510065926316,0.554465172403592,0.353550654906847,0.287750752765419,0.286608626705698,0.775071968086553,0.651649527927699,1.073772259164,-89583.55865,-64496.02085,26504.8326,180400020205,"11274550"
2829122,1.16423770913844,1.34647666599739,1.57446694707853,1.84862789930918,2.17229137356789,1.40421624339632,0.495359963170184,0.334756600463992,0.160594827563946,0.172310403816631,0.349447561516277,0.750343769195418,-47595.43192,-60817.76834,2838.5181,180400080802,"AMR"
2829148,1.16544545355564,1.37134918513532,1.59766269087824,1.84863758490428,2.12197404459803,1.38824939421119,0.493136802331893,0.344235904424941,0.162728048078048,0.172392635090954,0.353404177474318,0.754143042045445,-53689.70169,-62325.01014,2894.6565,180400080802,"MBN"
2829174,1.25110612464414,1.46920224559943,1.68074342565329,1.97442857168782,1.87702504349084,1.08537825553818,0.506571549593515,0.398561151683522,0.172011412880368,0.196091060137482,0.394948473537158,0.780323863116498,-58590.29218,-65534.8842,3218.6709,180400080803,"CRS"
2829226,1.90979734750189,1.24928190379335,1.85353464267993,1.65993327793802,0.913941938701144,0.668049634427127,0.450368205042302,0.296007028090596,0.285499859595699,0.749845153296673,0.6283522616117,1.04263415737357,-86436.72999,-73576.74448,25805.9331,180400020202,"11274000"
2833534,1.16462511499087,1.34941298602849,1.5749912708592,1.84834471773162,2.16768721065189,1.40187517968525,0.49652675379342,0.334849288833506,0.162717589272203,0.172415642656165,0.349785829314204,0.750653781911022,-44159.35056,-60589.80641,2831.5107,180400080802,"H59"
2833552,1.22976083306837,1.4692822186788,1.68602625132311,1.97836517771662,1.88048726617904,1.06275924062879,0.511536099126785,0.403157937887087,0.173407799670048,0.199841089180247,0.399638813018028,0.793063972438644,-82332.14285,-71338.30583,3287.7603,180400080803,"MST"
2851625,2.45494714174279,2.24601533171122,2.0935006376923,1.45837016178763,0.774399372853037,0.361342807622194,0.130780113302354,0.0786087740408206,0.0630171848093878,0.187475439294686,0.60611163866267,1.33034328894812,-157851.3785,111958.2253,32068.3824,180201041203,"11390500"
3917058,0.997369465818273,1.53028876824878,1.72547492875594,1.48968323634188,1.54926860625982,0.752533115138796,0.427265411894429,0.71252749730861,0.615692549578992,0.627234163343084,0.534410160932068,0.939118562832399,-215975.5735,425752.3479,1933.5105,180102070503,"11517500"
3917252,0.984985135773282,1.53039237745674,1.6888735868045,1.4897764004776,1.60242767587185,0.79070884919957,0.444213925951353,0.690924831326308,0.620026144095076,0.62859689625689,0.534239443311231,0.89763341218037,-211530.0461,412998.2595,1605.1626,180102070503,"11517000"
4440518,0.843938161451999,1.03845831192701,1.70591348045039,1.9173596450502,1.65722813172443,0.917203368095707,0.537624514776779,0.607213237132264,0.606350963111737,0.579611337948743,0.581095697887792,0.867932247090674,-268819.0516,430795.9658,21170.5686,180102061103,"11520500"
4440630,1.46205972096927,1.38660072057981,1.67023826223641,1.94950873992866,2.10094135159491,0.83006680763476,0.293675695399937,0.187388008017774,0.223255790665454,0.2944619689392,0.491712751982409,1.03177376903125,-332527.3091,395176.8505,34549.9605,180102091103,"11530500"
4442602,0.979381272043772,1.28892634285295,1.93129190408468,1.86127836264891,2.25651127207774,0.991610127593558,0.397080113756569,0.268149456501038,0.188046428753896,0.369421754932741,0.495459868739604,0.856148452672986,-296218.4636,370699.4599,25159.3344,180102090802,"11523000"
5329357,2.97760558784739,3.01916720025642,2.02735880734495,1.01907309294634,0.303622203880844,0.126181813057693,0.0548615046665975,0.0352465321216522,0.0295501584669104,0.1267957008839,0.480222244596012,1.78711524712717,-246544.3854,21383.21496,84.2373,180500050203,"11460750"
5329511,3.04584467530211,2.98243357178812,1.9945640536146,0.998753665472031,0.287592850729523,0.121388284224331,0.0543965005765494,0.0334183764055247,0.0293199244611628,0.11362252700174,0.514991224000289,1.81890811727572,-243892.4465,10677.94266,215.8704,180500050104,"11460600"
5329573,2.98367248583597,2.95625806375892,1.96269513729558,1.0237660822947,0.33246403647427,0.151235310931252,0.065056275578678,0.0596130297765204,0.028885528756266,0.123577207157277,0.477765984896899,1.81305245722266,-244150.7374,6060.264156,28.674,180500050104,"11460605"
5329621,3.08796845461278,2.80735282638467,1.83793045154596,1.07545516585356,0.352460898126198,0.153749273097109,0.0621350156991744,0.0295150048521413,0.0255649564379263,0.120708103967185,0.551787739396327,1.90642911395452,-239855.2711,4629.06108,89.4123,180500050103,"11460400"
5330719,2.79285428205298,2.38376835984072,1.60928230962515,1.15350534016798,0.913568903211706,0.465938111632366,0.152550395774066,0.054641850865441,0.0354875483524435,0.116582098905459,0.503292394819132,1.79674773986789,-226515.9042,-13622.7109,19.3383,180500050506,"11460151"
7932045,0.880369677323365,0.910057175702442,0.982532319171349,0.88103608067026,1.78528616414678,1.16023313595157,0.830159097291947,1.01913742294204,0.4795291599476,0.775112941228198,1.06385437048732,1.1254827423198,-77657.64788,376934.0146,3669.4431,180200021204,"11348500"
7932193,0.668546135119495,0.782100205282772,0.720890681991932,1.10139635592767,2.25161697484204,1.8470472989872,0.899023961997557,0.667676792215566,0.659962088091782,0.526871451597221,0.868232092400823,0.865611280441145,-36683.98214,357191.5737,638.3916,180200020302,"11345500"
7952260,0.692899240108091,0.909940434448914,1.14573683611569,1.67947598371751,2.64785126458947,1.84977549649819,0.559244418093457,0.501363332803229,0.420179242831838,0.405062450571893,0.400491956035246,0.611473967831303,-130920.9929,317312.7474,590.9436,180200030710,"HCB"
7960779,0.997036976890041,1.16396498686046,1.38740644246347,2.32526384344042,2.92109987527968,1.14369628384978,0.278289696814134,0.184133306555517,0.151331212594335,0.207000874139151,0.345503059114679,0.692994253524398,-172869.4108,354020.8121,882.7524,180200040208,"MCD"
7962651,1.1965219068837,1.35729677732666,1.40703921555245,2.38492377361995,2.6182691489904,0.911171938680088,0.235767222082718,0.122790744655873,0.134316782409427,0.217124450632128,0.381809693536053,0.878314395224631,-186892.5101,329026.6096,1518.2469,180200040501,"MSS"
7969867,2.90474044568626,2.74582296449214,2.29724776463681,1.18530095374602,0.418116724637705,0.12612258147782,0.04796623487131,0.0390533778660225,0.0526550180858595,0.108272528455692,0.468174336152403,1.46831347734566,-137438.9395,144871.8301,513.5778,180201590107,"NHC"
7993055,2.65512426041429,2.78542640251604,2.17360231963703,1.21680723004404,0.490781046554709,0.19380245322291,0.0776265289105101,0.0481306598246604,0.0422787908519338,0.136972756776335,0.47304892481275,1.48541824511922,-206779.6531,193296.0517,1612.3284,180201150601,"SCG"
7993111,2.40388848076884,2.34556218385743,1.88403004124491,1.25025758351409,1.05396789733277,0.564718644743725,0.175276305508625,0.0637480706444184,0.0570702456773611,0.119451836784693,0.412841514657077,1.43713843566494,-216916.2482,187703.058,403.6356,180201150306,"GRI"
7994073,2.71249104886439,2.83936043972172,2.12839193457177,1.16622718264476,0.465685690740147,0.181703455407634,0.0750385899279471,0.0441966617778671,0.0408437241110193,0.133659148688111,0.502716584293074,1.53460277468982,-216082.3157,166085.6675,719.2683,180201150401,"SUW"
7994715,2.24651735580641,2.23613173439768,1.84587595479106,1.35049102283976,1.1357962324367,0.60110587318643,0.17902298020934,0.0667389340262822,0.0514041690630736,0.107862919055655,0.501258456763001,1.50479871379495,-224237.9166,153651.971,263.8494,180201150204,"RBW"
8006559,2.82143171881585,2.84176878425879,2.08898682837911,1.06582130561186,0.386681312033666,0.137991296783588,0.0533677968505744,0.0335498112864572,0.0351822276666914,0.100502159220476,0.494342099931256,1.78919399073232,-255832.6674,123943.3958,144.9153,180201160103,"SCS"
8006887,2.75443292166893,2.97651600444474,2.06389613209678,1.018655357388,0.396914410633861,0.164300040706183,0.0714786852638006,0.0395566425008761,0.0424371995537128,0.106079052839013,0.521271582181722,1.74629640124829,-245600.3746,113950.7938,115.1487,180201160303,"KCK"
8009213,2.96573034243211,3.28085039501343,2.14996917247418,1.0054373336622,0.352265415432172,0.131237564020856,0.046118143466165,0.025174504757599,0.0258614789201261,0.0618479056463496,0.27525919273015,1.47401108580911,-202803.6193,107140.9212,250.7112,180201160504,"11451715"
8015823,2.83062690343917,3.04507359493438,2.09046666555802,1.03121561581149,0.365836218468633,0.127723691185548,0.0443779530841528,0.0244461351659308,0.03160518123359,0.118302823546506,0.505718504412449,1.66208077820929,-218453.5777,87652.74722,298.0368,180201620307,"11453500"
8027088,1.05806523958331,1.57654279973859,1.8891174730595,1.84087513693134,1.8875623469717,1.16702905988323,0.424235545013193,0.21810862978926,0.137343599244397,0.257256101401403,0.483377503497597,0.80525054370564,-82045.54287,227095.5035,1929.069,180201220604,"ICR"
8027910,1.29099179388877,1.5267196121094,1.59623181886705,2.16412487556706,2.15468593301907,0.905901292306734,0.301216037031979,0.152545409012531,0.11239353553138,0.221235813846032,0.452462829770665,0.984623931992445,-81456.66218,221195.8658,476.2629,180201220805,"11402000"
8029658,1.33276346619229,1.56111595841496,1.64933102555216,2.02555883555231,2.08412540380372,0.955780523436987,0.311636331766524,0.150085584239095,0.122445946713024,0.215349486330843,0.442155412077887,1.05594745338477,-80504.17085,214841.312,194.3469,180201220804,"11401920"
8037183,1.12632593865538,1.48280756166206,1.77055371076057,2.07796441506834,2.09911781645987,1.1362948882112,0.340625712769595,0.162249455132928,0.137159979630948,0.22793741017745,0.425073538927953,0.8749299268207,-108828.7623,188857.9778,2729.232,180201230705,"MER"
8053903,2.70245196498386,2.7440707530351,2.21471196504263,1.255587180459,0.404724838266493,0.136205408461807,0.0425754523762121,0.0208524802551221,0.0220545844759891,0.110130989996941,0.589294738115348,1.66977509834054,-118106.3526,151118.9503,80.5779,180201590103,"SFH"
8056781,1.40091881196025,1.4915626198249,1.7051603918377,1.82232994209826,1.98145903008069,1.08825295960947,0.322100824371173,0.170568814216562,0.164572622750707,0.217770640629716,0.438382846445929,1.10863021968469,-93691.92194,168189.7182,907.4799,180201250404,"NYS"
8060983,1.31894304529591,1.41521757851051,1.37987344871495,2.12704909222449,2.09495759754077,1.27911080192928,0.385179815132146,0.147001646072998,0.122501414260682,0.183235776260503,0.44004433817954,1.06428025977397,-95144.15369,142345.8547,803.2923,180201250704,"JBR"
8200533,2.36373896050707,3.03432126360921,2.71254942349049,1.54259241242077,0.473882054351695,0.221710423721323,0.0890079115631656,0.0508335773097308,0.0473157398276524,0.086607436473925,0.220725172139077,0.793004183215967,-149346.7111,-152670.7445,10459.449,180600051509,"11152500"
8200795,2.36701650793846,3.04391210763859,2.71023485431525,1.53644359754048,0.46979504399861,0.221186714560507,0.0886978971554005,0.0511900084731936,0.0471811122638533,0.0860822778981309,0.217728676858816,0.79473102093888,-138499.3857,-161469.4131,10177.3494,180600051507,"11152300"
8205489,2.54301347643477,3.40708807614075,2.31119246923552,1.24097912804342,0.431522741885814,0.177126477914849,0.0776635382429861,0.0549880168214079,0.0484603212140731,0.0874338812791757,0.277470348667468,1.18089019519493,-118601.0527,-178874.8451,756.6129,180600051311,"11152050"
8209965,3.05614503665854,3.45638767332978,2.4199111094352,0.908289344553759,0.265406782417865,0.0763194959613902,0.0134469991387763,0.00235656390342455,0.00126708822362815,0.030472680180689,0.213448562728936,1.23571718056699,-98757.92772,-247035.5744,422.5185,180600050606,"11148900"
8210533,2.76625626308087,3.31930182826227,2.23511633277995,1.08542257629813,0.358699018801651,0.146493463651879,0.0728475282617158,0.0595059310114967,0.0631410076922231,0.076202582736858,0.259475686508275,1.29034154869778,-98118.54305,-235037.464,561.1851,180600050708,"11149900"
8211251,2.49151779299239,2.92375886152175,2.83807354941693,1.59561685391113,0.44764317394652,0.177902351284799,0.0514501808545683,0.0223352519074677,0.0276584408277222,0.0467524778985585,0.212485771161547,0.75492476928202,-78298.2481,-231507.7523,6570.4293,180600050806,"11150500"
8212843,2.6229533279788,3.34236813635776,2.56591971249979,1.45092886497048,0.394442670286659,0.143051549154041,0.0500191081117765,0.0252548292937068,0.0256689664566823,0.0537370710103276,0.179284114683353,0.726126613236979,-61916.87361,-265155.7571,1019.9916,180600050405,"11147500"
8241662,1.98555493708881,2.17637075864407,2.01068159252611,1.59453914524304,1.0541863143897,0.498272636080091,0.159206103334875,0.0751207118250825,0.0691799352766797,0.188363551337985,0.619040592502227,1.44932730160799,-308966.0019,343020.8695,7392.1302,180102111206,"11530000"
8244344,1.49529445982141,1.71427384496592,1.56576065976407,1.74215268762762,2.07441218907246,0.967134831797037,0.302152083037945,0.125573015801885,0.101792027245494,0.16858435270833,0.490665176785857,1.08686793776589,-262987.6896,309905.0017,2944.1682,180102111101,"11526400"
8245172,1.57329078536285,1.80475342346949,1.67359335774771,1.79649105182754,1.88709625587955,0.81798498927472,0.252336316404238,0.116413443655557,0.104340025640456,0.175721134132329,0.492666557084988,1.1463273495502,-290377.5173,313320.2333,3727.1097,180102111105,"11527000"
8245912,1.98312914951937,2.18435805296155,2.14378924274228,1.49526862038729,0.965229279231919,0.495155163194875,0.180195953988731,0.082229488901109,0.0711756186917476,0.152725567162522,0.56180256479112,1.41267057355574,-246495.9973,296637.5054,87.318,180102110704,"11525670"
8246406,1.87905533579988,2.06384915956296,2.03705408118136,1.45893895232097,1.31434854786144,0.611137569606358,0.164562438286921,0.0627849142443123,0.0603762774521233,0.181357678532675,0.562837608967589,1.46616984880905,-239513.7638,304509.638,58.2921,180102110701,"11525530"
8268521,2.72945359411321,2.73851119206887,2.18337428863952,1.04306506377555,0.382588670455058,0.156300963465092,0.0566449163733202,0.0262673150234429,0.0661166271999004,0.0826059099560154,0.492455360723569,1.91550838441192,-274942.8816,126508.7704,741.87,180101100405,"11462080"
8269119,2.84999352627895,2.83148901867771,2.07301353593754,1.12829226054105,0.366918974020387,0.121227470211878,0.036585718102323,0.0174035813503081,0.0190752685958582,0.0948440650652067,0.478604707358481,1.8500618947459,-270726.6064,116761.8391,952.3881,180101100407,"11462500"
8271049,2.87890022591436,2.81124569395454,1.88089555625656,0.991152770390565,0.340084431744784,0.132340706883513,0.0402961295259326,0.0158593337068079,0.0144881936518931,0.113145637111858,0.614231593352432,2.17599241326275,-267338.5924,58822.52257,163.674,180101100802,"11467200"
8271445,2.87345027307746,2.85767946272692,2.06876918695395,1.11098848658627,0.354450644669641,0.11635896733013,0.0352768951967392,0.0174429123783837,0.0191605497038417,0.093610476323422,0.475655992871479,1.85313041036245,-264601.6297,100190.7742,1308.3894,180101100411,"11463000"
8271875,2.83658896403625,2.97797148646857,2.00528639954485,1.04735979901678,0.366372292318241,0.134338361616321,0.0492797689562673,0.0271407551212687,0.0257956341827118,0.0982645630009495,0.506248131230991,1.81182010498261,-259880.2152,94109.31148,221.0346,180101100302,"11463200"
8271917,2.7867744568321,2.92265222379029,1.96543494156361,1.09398439429121,0.424223261880115,0.177850234149477,0.0959189064652214,0.0453727229527243,0.0417429206101865,0.105322312110785,0.552057098913718,1.70082478129235,-243116.5181,90445.65227,34.1334,180101100302,"11463170"
8272107,2.8799464681707,2.90591931603813,2.0521905217903,1.06265845373754,0.349340860894597,0.116309014457257,0.0353130634667726,0.0175052660709333,0.0186043822816172,0.0932040824163757,0.487589081920073,1.86159611280877,-251499.5231,81245.73869,1702.1106,180101100602,"11463500"
8272211,2.88335847975727,2.90758087434511,2.05036406803077,1.05914584220022,0.343514009443724,0.113521620561323,0.0349598392347467,0.0171632974755265,0.0183280973475742,0.0942103092636822,0.491550481529458,1.86309536072228,-245915.7747,75022.53869,1774.0458,180101100602,"11463682"
8272363,2.92189180959251,2.88516427826524,1.95740871325687,0.998889619175597,0.330808159545148,0.119044956710652,0.0513652608311802,0.0301062970401557,0.026856395011284,0.0967692056063519,0.533126689796733,1.94509499429954,-249001.4447,67238.14867,547.2495,180101100507,"11465350"
8272379,2.88800107731626,2.92045815637751,2.05396768816007,1.05502714425127,0.338312876158342,0.110969595676498,0.0349423868729562,0.017452097671065,0.0182305102631225,0.0968655539166134,0.491454625866757,1.84482018645792,-246668.76,70040.82692,2058.3054,180101100605,"11464000"
8272605,2.89966349789283,2.9115253724451,2.07448550027826,1.02421022668749,0.354925757592208,0.123734227893831,0.0437994119007131,0.0226450690826705,0.0272268369699019,0.110999344543852,0.550220587433987,1.72323508635697,-240275.3123,72940.86281,113.8203,180101100604,"11463900"
8272725,2.91164996048537,2.91988617702883,2.06008747613645,1.04333522330543,0.322438510172904,0.105101724667511,0.0343605265952132,0.0182166034769617,0.0187664964244913,0.0944804736199424,0.489666302736272,1.85267525526739,-254973.6731,58647.4609,3465.3924,180101100903,"11467000"
8273161,3.01237219817789,3.04357409402101,2.01851045086604,1.0237087719866,0.312130063120975,0.100959770498089,0.0405553044913835,0.0259590141861946,0.024976711434536,0.095152622273392,0.506892833377358,1.67457929230486,-248540.4622,56844.80988,658.6947,180101100706,"11466800"
8273287,3.14551278861244,3.06928789761974,2.01788588305875,0.943949348765015,0.309185623969021,0.108582335925138,0.0531337280580319,0.0452743189442537,0.0556935670657879,0.0989986782481008,0.469068523226806,1.62915903359959,-246663.5288,49158.40116,210.5892,180101100704,"11465750"
8273423,3.02260625976047,3.11462271219498,2.00212745771827,0.97195079492762,0.325047644128374,0.118618035057145,0.0529154502611651,0.0336640512911264,0.0396776984221936,0.10620554578756,0.510743680121096,1.5883656008536,-235834.6328,39698.66172,16.1379,180101100701,"11465660"
8273639,2.96998552017031,3.03988854713291,2.01435161568795,1.01495376647972,0.305342898487208,0.10150025985331,0.0399710498935352,0.0228744611979782,0.0243701038794671,0.0980592905666962,0.504507013214894,1.71140606982592,-244685.8435,51292.83994,202.0275,180101100703,"11466320"
8273645,2.92041178574518,3.06639285322743,2.03761297342356,1.00940187639405,0.316793151095794,0.106300665742778,0.0437337525477913,0.024536500524613,0.025566134136802,0.0989157391230222,0.531334521479395,1.66863196873388,-237524.1038,50126.16221,153.7821,180101100703,"11466200"
8273659,3.13098818144093,3.10582289433154,2.04755643531408,0.94603337230318,0.304774016132915,0.108083309059226,0.0489490135467442,0.0442721553278287,0.0562522550024149,0.0994299036225931,0.467642645379825,1.57103468227571,-239490.4303,40792.2169,112.7304,180101100701,"11465680"
8280869,2.92438245697164,2.84283183225487,1.86669076220659,0.946808906263136,0.325523456722546,0.127702505349986,0.0421602630622435,0.0180514292017765,0.0180055323301924,0.109819259659849,0.569169405819315,2.16568600568728,-297598.8531,82382.13669,420.2874,180101090108,"11467510"
8281665,2.98538436216129,2.73942547020728,2.04897621505212,0.92593692570079,0.327933252784157,0.154108498148112,0.0769978205618635,0.0583569766863779,0.0431332749093306,0.116008063487074,0.503092094751754,1.97428863198837,-304452.1991,91623.68531,124.146,180101090107,"11467553"
8287590,2.6992961726256,2.25542346112744,1.95536058931547,1.1159969515333,0.461778985044717,0.211875648056752,0.0846223784031707,0.0456361420752582,0.0352587886562487,0.130076243158556,0.676639353647603,2.21345321770349,-312098.0004,196416.221,16.8705,180101060103,"11475560"
8306992,2.78706860814149,2.62833438889582,2.03136027369375,1.08952251376239,0.450641881845512,0.170587633372368,0.0482583108505835,0.0183797566088037,0.0467250128053622,0.088989819462687,0.515282405736941,2.01946349467641,-287347.0801,161128.7265,59.8806,180101030403,"11472180"
8316811,2.42287823959083,2.26514720313294,1.94069064158155,1.19262049913932,0.59118071082399,0.21409161163328,0.0672600602463864,0.0345895455649305,0.0475827722169731,0.149117346578486,0.87406815076154,2.19067178385415,-342156.0229,328823.081,1258.6545,180101020408,"11481000"
8922665,0.800882002346839,0.826708355730825,1.04981826639265,1.24200616140735,1.90509864273475,2.17184340745262,1.06522723974682,0.404042740203629,0.351507252477251,0.520759788564484,0.652319870653079,0.738869122505426,30787.42757,80024.48565,57.5082,160502010201,"10308794"
8922677,0.783687825469106,0.709922876602608,0.912145326896099,1.25039804372343,1.98497077253239,2.37696644296463,1.16016139929921,0.419884160496698,0.324204868204858,0.482279855010604,0.651784041609885,0.646889171720212,30787.42755,80024.48562,28.2267,160502010201,"10308792"
8922761,0.781387574938831,0.689656296769142,0.754280637903848,1.18277846933242,1.97338622528388,2.66404935439188,1.27041140863204,0.384749348260161,0.294240593240285,0.310777269981962,0.662554593974852,0.671571695613952,29836.41466,76192.34464,14.4684,160502010201,"10308783"
8933522,0.617240289923221,0.611846035932838,0.805377504330665,1.8064387482425,3.24175420859412,2.10226793632016,0.824146622400099,0.263442844699957,0.215342207615132,0.272545595251525,0.436458632652373,0.579389333978558,-20470.87431,157328.0226,27.6759,160501020104,"10343500"
8933532,0.617919801852041,0.748212654366711,0.962117283167808,1.54923348359486,2.8735811412931,2.4586888723911,0.724022785826734,0.225517577988938,0.27652703439698,0.270934036579366,0.443764583028862,0.675783081407174,-2932.321689,156901.8525,2424.8592,160501020502,"10346000"
8933706,0.615528301491961,0.749555009509698,0.973163456727714,1.54908879890221,2.91800490202232,2.41282102545824,0.704377923414,0.248462932444798,0.27173342232601,0.268578123919898,0.438666254545562,0.685958976656621,-7548.492479,152151.0001,2271.3849,160501020501,"10344505"
8933802,0.60956582558946,0.776033375300347,1.03124804171941,1.52257835998556,2.69607555328419,2.49784022930252,0.710052641803646,0.25957735194132,0.293540028571469,0.276943254658597,0.450545258436944,0.715785049923403,-10285.5552,148583.4938,1666.4238,160501020206,"10339410"
8933858,0.638648202083581,0.725434029671281,0.963126529818181,1.57310334941914,2.82359085730121,2.2430627177896,0.717875771623601,0.324789158898368,0.278997950876897,0.328624296406426,0.493185537126092,0.698638472155701,-10138.68843,145887.8042,102.6936,160501020204,"MTK"
8933890,0.579753634118503,0.56113132690385,0.712292271637651,1.86349465621148,3.72036799776152,2.42783475702281,0.630659172511069,0.164087191907097,0.132704762470002,0.170951235333704,0.362993325862781,0.545537053281456,-17916.94993,145036.28,76.0824,160501020201,"10338700"
8941685,0.608424054429934,0.551808891495946,0.76559281132177,1.60530552364387,3.52805470346772,2.79382264533928,0.714706556873124,0.125981393898405,0.0623463452436032,0.118886928733736,0.36429599686521,0.610426402887149,-13619.8936,124035.8739,25.0182,160501010403,"10336676"
8941693,0.563646745790793,0.546398543551243,0.800569120686059,1.77394231743477,3.59149113310348,2.6509805782279,0.661360972328131,0.15954496618239,0.0743100313187752,0.124767068237845,0.324008827225505,0.56027735075749,-14008.41436,121288.9114,30.4992,160501010403,"10336660"
8941733,0.485192536635696,0.584378184474681,0.85268969716061,2.23565180802369,3.91346619634922,2.15303024092406,0.445468301080202,0.104909667042336,0.0839603056105614,0.125993001569304,0.318468290641126,0.529025721207624,-10247.87794,115108.8534,19.8864,160501010402,"10336645"
8943677,0.45206666776583,0.444437514501888,0.659690053457212,1.65442870301781,3.64793467968042,2.92355376180127,0.835363351499805,0.244326685576975,0.119176655620793,0.148985930903604,0.265834326613186,0.41671655987942,-2352.039096,92502.92935,102.7269,160501010303,"103366092"
8944439,0.513533222931307,0.494046398973669,0.719347661133857,1.70898763498846,3.6054773246229,2.58092879663476,0.793148136257776,0.216487404771539,0.146044137247675,0.194486208689597,0.307067873970753,0.513003431925461,730.1251615,100715.36,139.8456,160501010303,"10336610"
10016922,1.52624831535942,1.84098541587402,2.84324517747555,0.449219374655951,0,0,0.801538867028185,2.06910681813055,0.240593087530689,0.377493442148587,0.172409550401062,0.996463624601325,427285.3351,-297388.3065,1.557,150301020203,"09423350"
12068342,1.39663521609576,1.45600151991379,1.57459291067931,2.33498855120494,1.75061110305668,0.822841825041244,0.393144060306616,0.219578251574529,0.184023407195493,0.310621568724969,0.485878758991889,0.978037744009078,-179524.0145,226901.2672,343.8342,180201560303,"MCH"
12076100,2.04722780894858,2.27481277484184,2.28015975057608,1.83858275006854,0.861799738878892,0.331933599388342,0.178903739983147,0.111291108759607,0.0878580130682,0.267417769929636,0.471892583526982,1.12681958524559,-161506.4572,197997.9196,352.8864,180201570604,"MUC"
14907219,2.06334564706203,2.44814348851507,2.66662837450073,1.9513617165163,0.694674646704303,0.228046076815866,0.074446048150983,0.0273582294605054,0.0247718498815055,0.0596380154022855,0.2733816657294,1.10745458328164,58713.93261,-132896.6676,329.4117,180300120104,"PDR"
14917771,0.322620862894031,0.317543293044883,0.646459654187903,1.18281471297366,2.54674562715544,3.15457744109294,1.72874384973659,0.82889609363046,0.31819485045922,0.128138730932021,0.217201481051462,0.282339185623748,115970.9762,-155350.5591,32.3919,180300070401,"11206820"
14922321,0.707759068356421,0.848516777955802,1.07977784649068,1.79387928456898,2.95243142774352,2.12068433368986,0.69979521125024,0.291633869857757,0.187896043840722,0.155597747836388,0.260937270925723,0.527717892897362,98078.57295,-174222.9064,1087.8408,180300070902,"TRR"
14930711,0.910386299280737,1.14146253239477,1.50177744431504,2.06302168803643,2.30439849122065,1.57249050121747,0.474038314274715,0.29437721520057,0.196946097450333,0.210970538956712,0.301176948102904,0.637974663759538,121094.2315,-217892.1814,58.9752,180300060301,"11203580"
14930789,1.26445030455754,1.67928644442924,2.01136624010516,2.06328001707334,1.74259715332094,0.838919254131524,0.364052857612425,0.235085254454738,0.136086532180423,0.170408354047306,0.288887929905089,0.832118246496295,106806.0067,-220768.2047,251.3952,180300060302,"11204100"
14961121,0.945586550529504,1.03517425359195,0.945677893338764,1.25510938015628,2.28346810422978,1.79258914683975,0.760943188308579,0.474261406098162,0.364711232092819,0.337137788065633,0.603988664363741,0.825856455630408,164997.6349,-251695.9216,1371.9132,180300020702,"11189500"
14972877,0.607055661617333,0.719028367807257,0.906806932104754,1.08905127803339,1.85171942769148,2.86524508599771,1.48794195501769,0.649955349373768,0.376867761151224,0.251314645476693,0.341240972352775,0.497039703069894,142489.7756,-250216.8806,2617.6446,180300010605,"KKV"
15022679,2.95650017979319,2.95462600998842,2.43223825249113,1.15437201133068,0.437340949067421,0.143549386055854,0.0889850618721302,0.133485091405732,0.203741173964767,0.112631484834408,0.300894062559041,0.979986560799108,-120217.8088,70407.11945,98.5221,180201110302,"11447360"
15027105,3.02987004407284,2.92660493576689,2.20384204373051,1.02539051268647,0.380878091983313,0.138782120712505,0.0556042257990473,0.0332862340982659,0.0308198469923992,0.0917554959764426,0.441102547768792,1.45315934621966,-193941.7207,99391.46728,2453.1876,180201160701,"11451800"
15030099,3.12588471824568,2.98898220033075,2.22819588459603,1.02028472631348,0.358239954887733,0.116076453337686,0.0372304968435797,0.0206540733727367,0.0178690547740753,0.0851406575874016,0.39378656389196,1.42564288455609,-156936.4955,80505.28288,2901.3138,180201160704,"11452500"
15039097,2.40474966117331,2.32217217143073,2.11685835617523,1.45391388563046,0.771336120500228,0.374788945679084,0.134239166706654,0.0699739821674331,0.0588970195485031,0.178583236784246,0.613555769232082,1.31099363361586,-138709.4016,85427.39287,53778.4002,180201610402,"11425500"
17055970,0.629163636742359,0.794274830552362,1.09347041829246,2.24607839400155,3.56545767273691,1.86108862983983,0.41831962768928,0.146488482890846,0.0794515879025001,0.12633723865894,0.317937576233475,0.575085482291999,-42642.8475,47944.58782,862.1694,180400120404,"M38"
17076683,0.50704084573106,0.507128195620628,0.789757483828616,1.52827432722428,3.33179323402851,2.99927052779877,0.998012084285652,0.220385097206748,0.0789131910236373,0.107483894557287,0.290761607849588,0.473758618102059,8641.645488,1668.04818,268.7607,180400090404,"UCC"
17078425,2.450263451009,2.82093767197484,2.47988516823925,1.50024318094845,0.447991997412125,0.174643958240272,0.140231959933663,0.0492502315889137,0.0109133462182352,0.0163526171731695,0.390283025466063,1.33262583598093,-16250.53707,-19382.10656,41.6691,180400091002,"11284400"
17078467,0.82963590118985,0.987641842308093,1.2249291535309,1.86847635779468,3.25769764884446,2.00980771077039,0.433904652842332,0.104918768756246,0.0602384045937238,0.0753128414668537,0.2730778584636,0.608112510350126,-9501.914563,-20901.22721,187.7967,180400091002,"MTO"
17081597,0.370151169232209,0.346651284089357,0.512895627724178,1.28756333561365,2.99851729064851,3.17441894183704,1.56770990235244,0.524662073579609,0.183757316913428,0.139184777443709,0.280093059821376,0.323472337728728,29859.83167,-11038.3367,775.431,180400090502,"11274790"
17081685,0.662256014880467,0.706627877592671,0.901556942720255,1.76337867954903,3.69974871490302,2.24168111380869,0.540050459699188,0.184401519975639,0.0829223029918594,0.10890574953019,0.29251105127176,0.605263530621066,2643.180794,-14024.80333,609.3612,180400090405,"11278400"
17081783,0.344844169097936,0.307648447162721,0.436156502241432,1.16312519438563,2.89646436760907,3.3267076166961,1.70115190870825,0.55069545402915,0.245912056589128,0.184515513859582,0.291785984327419,0.300651845661505,57100.04327,-15741.7455,113.8041,180400090101,"TUM"
17082117,0.474731968804093,0.48883781077792,0.705669544285039,1.56981914704156,3.30448994137226,3.05859136367321,1.09549992169175,0.195985637621945,0.0793713569666367,0.0956335750088735,0.284121350468791,0.468964167197988,20766.19824,-5039.43957,119.3562,180400090503,"FHH"
17082139,0.65067866386762,0.683999498760194,0.882600747415282,1.80877565985349,3.62511508596623,2.30036960824731,0.580611448552032,0.184436183517476,0.0812746077623934,0.105353164143887,0.291023124698104,0.596622121376426,3277.335843,-13561.3964,591.3027,180400090405,"11278300"
17099917,1.10220789200449,1.41938379505527,1.76095442948273,2.15432855399547,2.06693680153843,1.29650873154895,0.364799798284375,0.162298175761249,0.170443656857317,0.136139620356507,0.328983483745841,0.768635653225962,31918.45631,-74572.03889,111.0384,180400070103,"FRU"
17100977,2.1300645891647,2.8682625476106,2.34397640477189,1.76936130649117,0.74924173648613,0.377147437803131,0.121422296504793,0.0780207924600641,0.0865855635920186,0.083043831998059,0.342479191495548,0.719882830114774,24933.06571,-112808.7984,91.872,180400010301,"CTK"
17101085,2.00186139990752,2.31737381594356,2.57332175167035,1.84956312496856,0.836796609380886,0.38293353748195,0.100621551397091,0.0346934234787589,0.0266842305224389,0.0926119200426214,0.359196749953874,1.13089290738554,12763.05159,-96232.62488,604.467,180400070303,"FHL"
17112805,0.356452100923006,0.346574411196031,0.478375811243288,1.24446071062617,2.81499698828116,3.26354891071021,1.53695460211057,0.570030035013073,0.249637776920532,0.192520746268982,0.289374102563032,0.318708530684196,80514.89391,-42346.86816,115.8966,180400060402,"11224000"
17152974,2.00638082033807,2.43918586675929,2.55620624170915,1.91805370655278,0.750520948485177,0.261821848151721,0.0834815295801103,0.0322751243937524,0.0308990955722456,0.0604496266565586,0.327157157336442,1.15199940779316,86971.05153,-173621.6004,196.083,180300070603,"LCV"
17567911,1.97495496954293,3.46995531303926,2.78501608760077,1.5978317227256,0.504403470536391,0.199054692160133,0.0896123526376964,0.0438298840210051,0.041801533171275,0.0589488162513529,0.248813395164884,0.531340721277975,68108.11,-381793.4882,131.9247,180701020702,"11111500"
17569367,1.7360687058466,2.91789838931326,2.4613096876255,1.66148225841382,0.791791418491908,0.408839027789815,0.17870507401388,0.113510028023376,0.0988536328042749,0.0904991586214189,0.316711555091943,0.75194686916458,107818.0689,-371708.5796,513.7839,180701020508,"PIR"
17569701,1.68801986192273,3.60230556767794,2.80147609676607,1.48859505256449,0.455045855785613,0.186582818673454,0.078240837612981,0.0491613566674255,0.0331127463964245,0.0403238497073428,0.485776099027799,0.645048307505967,122327.6754,-378054.5459,95.9364,180701020303,"CSK"
17569729,1.86645662490002,3.44993324201398,2.58417154645908,1.4417254336696,0.565217761813064,0.253766952490757,0.130274362422948,0.123172654526223,0.0545897129247514,0.0546567163070981,0.353378124528282,0.657622833032369,122769.6896,-378385.7604,70.2549,180701020302,"FCK"
17569955,1.98662275386654,3.53397395584487,2.5741003344332,1.44773420977027,0.503108884455619,0.230186325706251,0.0919596096612108,0.0748747873144426,0.0383035924341141,0.0440172572000883,0.326091941637327,0.682082967610538,132425.1058,-381247.7352,115.794,180701020304,"ECC"
17573647,2.21170551078726,3.59484822042735,2.51209285897166,1.35367072360099,0.463048768745314,0.185831221005722,0.0670217597130294,0.0334945132349778,0.0380448249167194,0.0691930850710761,0.324739469506423,0.705145534437303,84333.82209,-399901.1751,103.6116,180701020901,"11113500"
17574345,2.19533889726337,3.598405117163,2.51147141461428,1.36241177950652,0.465470743764144,0.173964867343011,0.0628267141028558,0.0321662928943863,0.0271175680498302,0.0470593780266586,0.323283386584817,0.76495413482257,98542.68542,-396607.7519,650.9763,180701020706,"11113000"
17575785,1.95744701535955,3.51110720072671,2.68816002187403,1.24576963179912,0.43171935737221,0.197207917677448,0.0524057710856027,0.0281307332291021,0.0212007566481201,0.063026077928966,0.462816092577167,0.929036374000877,115874.5058,-400617.6556,1684.5138,180701020403,"11109000"
17585808,2.17584710189246,3.39676002831752,2.33641640411797,1.45437084087746,0.571701469861496,0.289255992848394,0.186222896463577,0.123615416263714,0.0854231629748698,0.0985650184202167,0.267310520981911,0.564586180598952,58993.49186,-390183.7398,125.0775,180701010101,"11114495"
17595429,2.57652297370682,3.69616701234219,2.5591021959886,1.06318315942544,0.320963510788374,0.140523592956841,0.0766467397481356,0.0508642482532794,0.0465054471246701,0.0994964697717277,0.255025663914783,0.689205162791333,17292.80715,-399028.2612,50.5818,180600130201,"11120000"
17595453,2.51274095076011,3.91239506039006,2.37511318431632,1.07406606068564,0.321561920162017,0.144890006643591,0.0800493352781094,0.0455123808140814,0.0498628160042878,0.100206789286911,0.291161927227607,0.693725508898831,25242.68018,-398700.2275,30.0843,180600130203,"11119750"
17595453,2.51274095076011,3.91239506039006,2.37511318431632,1.07406606068564,0.321561920162017,0.144890006643591,0.0800493352781094,0.0455123808140814,0.0498628160042878,0.100206789286911,0.291161927227607,0.693725508898831,26476.42463,-397248.0658,30.0843,180600130203,"11119745"
17596097,2.49660155204726,3.53903213498603,2.38341140343559,1.02371268727452,0.380332359777574,0.177529235796707,0.109848588866684,0.0994374521845817,0.204755855062493,0.133522978293926,0.274101944166447,0.781826055433837,14672.04274,-396381.6698,10.6443,180600130202,"11120520"
17596109,2.65936174626134,3.63660525257683,2.43785446048003,0.984097133132091,0.319587945506381,0.128399038515728,0.0635137043323881,0.0420910076450658,0.039331222498454,0.0968513178833818,0.280491126329776,0.861961202602506,17540.25204,-395205.3798,15.8463,180600130202,"11120500"
17596111,2.56691245581554,3.79368831980963,2.50490428284241,1.04491590788294,0.326550264517751,0.116728479183751,0.0479608374544416,0.0252384159617418,0.0244547017113267,0.0654531075314542,0.276183279022132,0.786488597611594,18028.30364,-396776.4977,16.5843,180600130201,"11119940"
17596159,2.63553198337657,3.86457597051053,2.30282678087986,1.12378129293625,0.354714631745748,0.14114523337446,0.0649631702723839,0.0384813286991962,0.0289577927092142,0.0925766721259084,0.274665611356613,0.66839817393514,47197.21681,-401507.1461,45.4086,180600130204,"11119500"
17599295,2.46583217159889,3.4330129567067,2.53976567240408,1.23554197821511,0.447623286182243,0.193224791903949,0.0800775317661654,0.0615744121214408,0.0388400042552355,0.0724838779256321,0.224268888220113,1.0038020388053,-168126.7115,-162539.062,640.2672,180600060106,"11143250"
17600477,2.48625151086453,3.31025251636516,2.54952240540677,1.29325264710829,0.453526353666368,0.18417176684575,0.0693303215998966,0.0517868539496705,0.0299680281710886,0.0687302130509801,0.253197197567369,1.04851758261285,-154699.2116,-169988.8502,502.7094,180600060105,"11143200"
17607773,2.58441982358003,3.55219939717121,2.66970253123395,1.27771304631811,0.390041297204689,0.168244259389302,0.0711935565682321,0.0352761316774666,0.0349391839710141,0.0548575094245455,0.203009953771559,0.510690210282291,-16888.18082,-374182.2011,85.941,180600100601,"11129800"
17607945,2.4824828922439,3.60110784951948,2.67229499457251,1.24797414946913,0.384149897684959,0.170495608350464,0.0739945101024275,0.0332501352618279,0.0334661003978589,0.0617657201106195,0.228850677329867,0.566365826584152,-11063.77156,-377552.0828,67.9023,180600100506,"11128250"
17608959,2.46738922608253,3.2286832702017,2.73677136896571,1.33723111442817,0.399464345755616,0.169454518626978,0.0797282044367337,0.0509100516436444,0.0472920642129116,0.0987539791675574,0.216491641615612,0.69335905205966,-41948.43563,-371908.4415,2077.0902,180600100703,"11134000"
17609017,2.42594088147575,3.8191636962703,2.62567503012467,1.12961221413168,0.340891807134645,0.172096709354739,0.0905810950967011,0.0584124650271433,0.0496595636568047,0.0764223408408776,0.195172206306108,0.603760176950056,-37457.10599,-380777.5397,122.7978,180600100702,"11132500"
17611425,1.98242085196108,3.25561742162155,2.86074527387613,1.67510844668844,0.584354763823737,0.232164989922443,0.0845442723362631,0.0339093651237163,0.0207179855404717,0.0408891557962989,0.181430189357991,0.569602518821064,8366.217717,-379959.5614,192.3345,180600100304,"11124500"
17620166,2.50632910397753,3.73274428803462,2.56447674041052,1.22550138686787,0.358282679739004,0.201220185919995,0.0975919730456713,0.0763987162606281,0.0678776217880846,0.0836161665128803,0.209090649942922,0.462739109739834,-24799.45161,-363649.2687,116.2098,180600090102,"11135800"
17620568,2.36440688074445,3.87461351479822,2.68519068100282,1.1429216277108,0.368251050595974,0.21332856672877,0.109334496517373,0.0866296165231727,0.0741367821727822,0.0934241702355971,0.217650258319074,0.356968717921909,-48493.73372,-359232.2899,353.7675,180600090105,"11136100"
17624441,2.23105063725332,4.03981810097561,2.56572006469796,1.06566022399106,0.364361442930196,0.22953459100405,0.115902516263407,0.111757200646349,0.0939765956212493,0.0961580510274298,0.267018105918127,0.422432911647747,-45208.11229,-347994.4253,48.8574,180600080501,"11141050"
17625349,2.1048310310675,2.95065358492412,3.14796861743964,1.66243717084161,0.483582680173064,0.196879375290165,0.0837236859340315,0.048444572106016,0.0412906973648827,0.0717580390374745,0.147362340544056,0.565834971535434,-27999.43451,-346926.1204,1220.7123,180600080404,"11140000"
17625379,1.6511824398572,3.08464026700028,3.06559233523299,1.91013722455186,0.615774355948006,0.230919882838793,0.0921187693161441,0.0474615170601045,0.0432847669065943,0.0582879744412839,0.150679167217445,0.553438954134126,-15374.37391,-352971.0487,728.9622,180600080303,"11138500"
17625465,1.7761263335008,3.18319465636512,2.88639165176753,1.62700996649877,0.515279600581536,0.25448573293706,0.0930756074734511,0.0682918863072328,0.0700446522884245,0.12478915954869,0.212274336134701,0.77377581785534,-36870.08271,-338627.8483,4174.2405,180600080602,"11140585"
17632398,2.25161100494311,3.2308438162541,2.40584783512556,1.28837658311478,0.521470924295982,0.346309266812137,0.245574916148449,0.176429963915243,0.16828628728754,0.204949646325123,0.172828483028004,0.572493870219026,-33881.9395,-326488.2509,268.5906,180600070505,"11137900"
17633130,1.81219050537174,3.01581025449778,2.81640282144728,1.77892125646126,0.4492686050939,0.221991432295892,0.0994497505532748,0.0595753468847756,0.0773242207480035,0.12511890173942,0.264749995052297,1.02300618693726,-20835.361,-332728.9723,2200.2255,180600070605,"11136800"
17636664,1.77129630706711,3.04207003194176,2.66698292064167,1.77945120391304,0.541186641520212,0.247796726438519,0.116968752645635,0.0769164451290269,0.0682795374633285,0.106711538436408,0.303520935494874,0.847737128281678,40039.25857,-355451.7914,104.9616,180600070202,"11136600"
17663037,2.81564440502093,3.74068311145617,2.43118990622097,1.24149480008854,0.278015336178587,0.104196532984596,0.0358343332310603,0.0178660750065334,0.0277551749208665,0.0380517398759846,0.17330613107465,0.999217645015927,-122694.0048,-114312.3407,397.7838,180600020206,"11153000"
17663281,3.14479640683731,3.04497904402544,2.29906512020206,1.40015272503704,0.29518156924803,0.130016607576047,0.062825008560035,0.0293172800770812,0.0254853023931563,0.0423782088791681,0.218623394677915,0.998916436537398,-142170.4574,-122874.0443,3052.3518,180600020805,"11159000"
17663521,2.45686069412753,3.07884536452285,2.49395045876535,1.59164384487611,0.370969635765387,0.175794517652978,0.0860433513087938,0.0479315790317253,0.0454872843524113,0.0653236118003222,0.180789573562831,1.00942847919972,-127322.6478,-128483.885,1559.7954,180600020705,"11158600"
17663805,2.71537802062118,3.29137039353833,2.45690050556137,1.38922852137084,0.348642376495564,0.173695902754832,0.0848391616113735,0.049784005430955,0.0462940306477044,0.0539812771086112,0.133457163581967,0.872723571273891,-115854.053,-138220.6085,540.234,180600020606,"11157500"
17665491,2.41761337656622,2.29698621274683,1.8282305913834,1.27538632341991,1.20257492859886,0.614018029894085,0.21078442534143,0.0821171464259341,0.112323218879937,0.11314960942157,0.344514477218555,1.35063582289926,-157462.4363,-118248.3251,71.9973,180600020802,"11159200"
17665649,1.9647331265996,3.37464578112606,2.84893015182337,1.61945376863781,0.405012872027337,0.145797556791457,0.0456708399219064,0.0241401403719353,0.029679584217046,0.0391337253919075,0.161653364822131,0.882142165852191,-107457.3732,-155714.1345,644.0175,180600020703,"11156500"
17684066,2.52455297604016,2.7856561678874,2.08240660741003,1.25446605664129,0.494427780977402,0.281530174118193,0.185567699601092,0.136624779089123,0.130734540149757,0.164817124329063,0.424215408337737,1.45290892600253,-180584.77,-112071.6984,297.3582,180600150203,"11161000"
17687547,2.6077547580369,2.71721654273623,2.45398578553443,1.13184383663573,0.380436625487349,0.175036574265773,0.111768031399665,0.0365683554717748,0.17788306838257,0.151150766165089,0.414797900896047,1.4972785181393,-211738.8396,-51981.53855,23.0022,180500060201,"11162620"
17687965,2.76603800220298,2.80931732413388,2.19206647026394,1.23848479271399,0.431549727280318,0.204690724744892,0.0965712619404356,0.045346636063653,0.0361929667160519,0.111048794470833,0.395182612834318,1.52521217818968,-211168.0232,-74111.69327,133.812,180500060203,"11162570"
17688275,2.202684712747,2.19432676273141,1.78906558841879,1.61655623988627,1.29952170123924,0.659593244600952,0.23728122181303,0.0953746217323531,0.0917354244570014,0.124360928606354,0.352701696625433,1.16562972041287,-214968.1193,-58354.77478,74.2482,180500060201,"11162630"
17693069,2.49150414362888,2.87515856688325,2.23290669316023,1.39013361970419,0.500735464627461,0.22387751189483,0.121141985395747,0.0690922027167082,0.120994618057001,0.154279688442792,0.344968835642852,1.40432706068314,-180620.6554,-82762.59015,24.7644,180500030402,"11169500"
17693217,2.99496660624968,3.14333172472041,2.27823871359852,1.14923487883598,0.312231065412228,0.116338799553889,0.0521398185022657,0.0278324927722856,0.0223185914863176,0.0871014205266212,0.346372361794412,1.31096764045474,-193470.1755,-63697.77558,103.3848,180500030404,"11164500"
17694137,3.35075186705291,3.2101026192502,2.0797257559887,1.1256591951141,0.306023286467119,0.107217463750327,0.0454107422424773,0.0219686872322577,0.0179839138481665,0.0907165759873295,0.305083706478205,1.14867703463579,-170928.7385,-69685.44662,407.8269,180500030304,"11169025"
17694891,3.06984001494771,3.51920248162128,2.45629843706566,1.15406104046745,0.227877694565991,0.0761177367762051,0.0195619310023211,0.00584063909735207,0.00444505419799235,0.0206160969469713,0.159040419235263,1.04675008574064,-132664.911,-103297.5592,282.5514,180500030105,"11169800"
19771455,1.76019440687718,1.21981152984718,1.80117336157835,1.69404602036573,0.939555659746133,0.589328374293332,0.402793999685998,0.357502057788565,0.346293429886094,0.916221275768545,0.720337976036987,0.978041961057012,-82402.06143,-78125.65681,21229.2009,180400012103,"11261500"
19771543,1.77343200093236,1.19811698348659,1.79865534041025,1.66051748845898,0.942948860787248,0.697825238912216,0.480979466728646,0.339520415930605,0.32506901559444,0.84398263261012,0.656446479975422,1.00154050284792,-75333.44499,-79852.75818,19838.0169,180400012103,"SJS"
19772279,2.09279024891355,2.30155891169324,2.4185541252298,1.81069370374941,0.840821766878164,0.372311719494036,0.0968908153630688,0.142339964538845,0.0839584922716282,0.124293409925221,0.51134861094504,0.914821427665707,-52087.28451,-100002.7018,3482.0523,180400011602,"SWA"
19777209,2.34943589152146,2.83597990693386,2.02733613652423,1.20645692436075,0.575077869895062,0.277114847295638,0.21102966923792,0.28236139166015,0.405935052523753,0.162704956494591,0.492621724114723,0.929715660650303,-34896.532,-75916.36529,85.9338,180400011403,"BDV"
19777237,2.52919506052035,2.56830569240739,2.49388946764833,1.75515032419406,0.605090705136743,0.158547456915633,0.0645570631123182,0.093841682285233,0.0692555007627425,0.0771515993457115,0.364649122307004,0.896287883443821,-39439.00916,-78519.68368,551.6631,180400011801,"MCK"
19784325,0.602567577407194,0.764020455963137,1.06067802974453,1.8738531686511,3.22142358606159,2.06067710440712,0.622271328441841,0.288810913239396,0.245724733079103,0.208375734321457,0.289423051561536,0.44769408108152,-7874.50509,-132663.6065,4743.7335,180400010304,"SKB"
19784325,0.602567577407194,0.764020455963137,1.06067802974453,1.8738531686511,3.22142358606159,2.06067710440712,0.622271328441841,0.288810913239396,0.245724733079103,0.208375734321457,0.289423051561536,0.44769408108152,-14257.1638,-135422.8263,4743.7335,180400010304,"GRF"
19784451,1.74161278252016,3.30825043312078,3.08485564355508,1.59202185888131,0.449230193094752,0.182009098931003,0.0709873379317079,0.0141996865901,0.0343302598660185,0.0405004258651872,0.232679958026562,0.761982664887812,-56433.83047,-151423.6534,801.8397,180400140402,"11255575"
19784539,0.680836219923645,0.863869383336012,1.1987669698525,1.87642259688762,2.62409054816492,2.07460166553296,0.702017282732712,0.324779488156189,0.282680821797381,0.235480867015898,0.32695758547444,0.506287139417354,-25493.03588,-138175.0765,4752.1476,180400010304,"SJB"
19791931,2.14727353269835,2.7223526768875,2.47126667167982,1.99785557004323,0.724848709090946,0.247161423297681,0.0760397556149108,0.033915567377623,0.0448521505597597,0.0807577225945719,0.327665742696002,0.770357070831902,24054.9705,-120263.0758,182.826,180400010102,"LDC"
19791999,0.606055330712908,0.758907562966665,1.06180906740724,1.87924341878997,3.2087248334162,2.06955659845957,0.6284352613609,0.284899958944556,0.239082074690635,0.205084093758297,0.289114647252571,0.451035953715547,3046.046803,-131488.5554,4662.1035,180400010304,"DNB"
20192498,1.88625272217251,2.29014143043402,2.22500717242092,1.78388621744118,1.14776300208754,0.455085754700566,0.226653662859329,0.136775846589492,0.0720160644985634,0.123355661081049,0.475039305780594,1.10480956402753,-91048.96475,54285.36982,1384.4322,180400130605,"11335000"
20195334,1.3654431789213,1.70265992774883,1.84427075690703,2.2612684482103,1.67907978122962,0.728553372355292,0.322237229305366,0.156679562555781,0.170741134750311,0.231435317742395,0.476716171494645,0.988231659440002,-61088.53745,67829.46351,283.3812,180400130404,"CMF"
20195536,1.60408403336917,1.89934917991991,1.94051743470963,2.18224925150397,1.41882859903205,0.600340398491198,0.279210970487829,0.150373824671078,0.181057425851375,0.186460491822053,0.467651091791691,1.03307998013998,-73475.87031,63986.52054,532.629,180400130204,"CNF"
20247268,0.994679069963689,1.55986599703378,2.85389037422828,0.509315672180912,0.57951425835207,0.437350939919087,0.98256754078964,1.29769802799427,0.680121338659305,0.47750344324047,0.411297880763095,0.938743379374197,339961.3345,-234084.7877,8330.5071,180902022005,"10251300"
20247362,0.774329000602329,1.57048416229742,2.19520479592208,0.426975104485457,0.698749959018355,0.508500244205998,0.886730424382254,1.57756079954163,0.680656011841089,1.01749220867399,0.504786588854864,0.91977768791456,343460.4092,-239337.4302,367.4988,180902021905,"10251335"
20247386,0.990216997977549,1.55459347982082,2.84051453205323,0.502974467141358,0.578611312197538,0.437811179036494,0.988662439391441,1.29858392861191,0.681524308342971,0.505661482287166,0.408659294831711,0.936804744448711,342313.998,-240541.5578,8377.4538,180902022005,"10251330"
20273931,0.506527294189857,0.603634960959617,0.802669846253531,1.1948483375761,2.4121498973457,2.99585101288434,1.31135391612873,0.392747899251759,0.42047692804286,0.346352079657388,0.324544884396492,0.368003311819384,104147.8116,-37985.88347,187.7067,180901020205,"10265150"
20274997,0.472490053890692,0.61777106523735,0.983141784362621,1.23580785088849,2.63805528741637,2.91273914951495,1.16267291777771,0.327199015621373,0.24734527412804,0.316277100375134,0.386075049871401,0.405724528433515,93317.19519,-29058.18232,95.9319,180901020201,"10265100"
20295675,0.874609063172931,1.04405385043356,1.13464452745163,1.30073058827608,2.16610247806944,1.41507351395331,0.692472460426291,0.622203450113141,0.394691986545058,0.522671734280499,0.715354339901739,0.868409166398633,-36934.39359,262880.4147,1770.5331,180800030705,"WCD"
20295699,0.868073457885983,1.03288756457318,1.12272981792231,1.27023397354077,2.24699252787101,1.52963374245916,0.679627119215288,0.615712147268844,0.38509882478288,0.509709149922738,0.659070181420718,0.829944419281968,-36866.35177,262905.6458,2639.2095,180800030705,"TOT"
20296767,0.847012505065678,1.00423715743313,1.27302834287392,1.69280902387121,2.30653386174097,1.77134338300436,0.609738311294997,0.397951200617952,0.30514979800785,0.34781565831308,0.480598369257526,0.710219466364373,-56371.1081,266607.9516,496.9431,180800030406,"SSU"
20296775,0.85782893271668,1.09884343463252,1.23379549421795,1.55916475024724,2.12203734929738,1.50227582492426,0.651707493589315,0.584415293635134,0.335898670504876,0.427972629539366,0.582414093142097,0.795716259644711,-36937.8306,262871.5459,868.509,180800030705,"SSD"
20330872,2.34631700106445,3.46644717465372,2.76934856167091,1.18653958623442,0.420695363565226,0.204482529115411,0.0566010629854554,0.0305084521351874,0.0464200831667961,0.113780766885716,0.317914477666806,0.575177109507614,284589.7371,-539611.4843,58.2345,180703040202,"11027000"
20330878,1.86760294261933,3.22686301398658,2.8256825132591,1.57283990592959,0.639117586314913,0.268824627590559,0.0772931509101381,0.0384209147092488,0.0250259851801492,0.0818307859327219,0.227557802021332,0.688774897850593,292740.4471,-540331.0039,290.9268,180703040201,"11025500"
20330908,2.2257976412588,3.40598100611341,2.86722107208187,1.1695808760379,0.430178245111917,0.218726919780776,0.0920343083556822,0.0621652917942513,0.0714337082911122,0.118309732500378,0.383503984474135,0.502302987459888,285517.0004,-546632.9882,147.7296,180703040204,"11028500"
20331196,2.67392878143558,3.40348193566694,3.35864638472834,0.843204049987135,0.241712936932442,0.0827146286838079,0.0248899061232937,0.0108668443267508,0.0124297174984058,0.0927624550675672,0.310150978223345,0.500961002192362,269426.5971,-559236.2114,110.0295,180703040402,"11023340"
20332986,1.87021045563324,3.92624397920196,3.22519530566357,0.977703850073813,0.345166330185948,0.15247546854842,0.0486022064614982,0.00834261043312282,0.018768251744458,0.10245339972641,0.285222417102293,0.60661070346212,290530.7526,-570422.0279,32.7015,180703040703,"11022200"
20334440,1.62909055050974,2.43404360636924,2.89236949965195,1.89473143235439,0.858681040681507,0.358362257347055,0.119924972674516,0.076794519478156,0.0549873722708949,0.126030079279543,0.31568240804672,0.764125479565062,316510.004,-569688.1353,126.0378,180703040803,"11015000"
20334508,1.93091828642774,3.79033520004222,3.27012395372525,1.10658290339203,0.364336898888244,0.156607310701727,0.0511012837452242,0.0219316909560148,0.0220922890816261,0.0840496208451745,0.235699932362232,0.501310939636451,292763.2704,-592354.9445,182.8512,180703041003,"11014000"
20342539,2.23622946410112,3.05656683406671,2.83508761494559,1.48158010649074,0.424773325938776,0.224145765974154,0.0958724131440943,0.0881697214104608,0.0301443206486559,0.169005367902946,0.212843002712681,0.667112617110928,246248.4865,-529429.9717,1433.7648,180703030304,"11042000"
20350681,2.56437187756679,3.31479451327802,3.16269596573082,1.0581640210119,0.256041422060233,0.13132841976189,0.06581842280702,0.0384027804040356,0.0196986755210033,0.105993376194126,0.189446564023651,0.615241793213104,216984.3548,-499122.861,141.3549,180703010103,"11047300"
20350869,2.41059185229837,4.04054487372884,2.73709440711832,0.999549800231045,0.237174764964408,0.0990129055177744,0.0503116043543785,0.0202578560054104,0.0155102134030794,0.111912534016457,0.239101869198123,0.647175601337237,226070.2728,-506872.0711,83.0367,180703010203,"11046360"
20351605,2.2359843232823,3.84298361100147,2.76682860591341,1.18962715513135,0.372101963804046,0.145207140237272,0.049510736129918,0.0177951165404268,0.0150101258292986,0.0581604688534864,0.1507153579233,0.687939523702397,234983.283,-501710.8697,210.1626,180703010203,"11046300"
20351631,2.43382048756357,3.6661576493117,2.76479379831736,0.905720138269114,0.284726651651248,0.158739984184709,0.157996535370076,0.141061509417245,0.0858146825338999,0.225632774207293,0.249300232844078,0.527290738641146,237374.4073,-521300.3064,69.2649,180703010402,"11046100"
20355400,2.67765980525493,4.1755549804221,2.96615798644729,0.87686720274063,0.167928440635968,0.0381700283717012,0,0,0,0.0408180648795349,0.119177393550582,0.49542581513188,213730.9455,-478272.4822,7.3494,180702040102,"11048200"
20355520,2.36883250405516,3.99329326026336,2.67484139297214,0.763945940468209,0.207143463869114,0.133428309719432,0.13859317963017,0.0322259821231064,0.0227393922567377,0.143003445287825,0.539658314149418,0.6075208932109,198466.8694,-483295.3796,14.1408,180702040103,"11048600"
21609487,0.346406360394239,0.320158213962293,0.540928286747497,1.30012339446865,3.09765560358757,3.19615990899525,1.56865824133785,0.53841429679498,0.1723475377869,0.123418109152049,0.245510060119087,0.291097146649248,52300.73066,-30714.38173,187.8192,180400080104,"MLK"
21610177,0.845947725096711,0.922752223275908,1.14768544967297,1.93383138331851,3.15481184038377,1.87625340981144,0.485435160908024,0.226137263936608,0.119255513039567,0.133618593798173,0.288941826236842,0.612674175625965,1930.885774,-46407.99492,1876.7844,180400080503,"MBB"
21610403,0.738199634240646,0.808845075414564,1.10519429480033,1.9829581836671,3.59520477830901,1.95526748695153,0.460330098898235,0.111404053848976,0.0783363070533934,0.0936024786097997,0.227968000861084,0.554944031080191,28923.49645,-52716.87355,341.6868,180400080204,"SMW"
22048943,0.278565757544549,0.255576048838563,0.357789079243064,1.07943755352995,3.22352499300302,3.5117099823985,1.82637390158096,0.425444870718489,0.194384024581432,0.111002907584232,0.186037679121697,0.247946240966732,101024.1289,-103372.5359,99.9756,180300100601,"MBK"
22050527,0.456319324804889,0.521355973221932,0.701958319903322,1.35900393464625,2.81602242547671,2.89205044172677,1.43478259175804,0.479192107487142,0.236923910292688,0.161010328797748,0.225320401571014,0.355596789961153,76482.70049,-126563.191,3473.5815,180300100805,"KRT"
22057161,0.50354564668107,0.555940650266882,0.774891480534162,1.64217238892032,3.23819505029957,2.70180189210385,0.984321575216396,0.278889586981968,0.217495340372868,0.152569334556753,0.220217189162552,0.373797590504682,77616.65756,-125963.7178,1001.3967,180300100606,"NKD"
22058767,0.337112821371438,0.351173380109038,0.428419637879351,0.922937075286375,2.29195458752991,3.29373616851865,1.89932859759685,0.942282733816369,0.448745632720916,0.158894455174852,0.225353702070214,0.311142050945895,108865.1795,-133522.896,1066.8744,180300100404,"KBC"
22058907,0.29457005585386,0.30970627174422,0.385350520084562,0.895597898697276,2.18257201099966,3.33151652680897,1.97135606494135,1.02126088402286,0.562615638740689,0.164473360738887,0.216834234572065,0.30347162439983,123287.2641,-135762.4112,606.4839,180300100208,"KRR"
22514774,2.09924424684223,2.97127493320426,2.37927366263766,1.33476871937794,0.695728952443282,0.357869137982524,0.202549228852914,0.12484726341776,0.119551332834828,0.147134800991148,0.401840969372947,0.714564125473154,167880.3357,-419900.5576,42.5439,180701050209,"11098000"
22515762,2.07414866679396,3.1817833634044,2.63246231503466,1.38087267648449,0.599551862460289,0.269643039134109,0.107193909399911,0.0677110627220409,0.0693776571740121,0.102291903571114,0.315882009920092,0.742228511191234,148349.434,-416771.1934,404.3808,180701050208,"11097000"
22515826,2.41561223246155,3.88330212274574,2.4452077455242,1.09967188559596,0.385571967641635,0.155714783832187,0.0604288498775576,0.0324592013585995,0.0490285889521231,0.10077240434167,0.316581604046159,0.678223413740608,177998.4684,-437884.9705,227.4543,180701050303,"11101250"
22527375,2.61774731219328,4.3831740145092,2.60243293249745,0.803225170926211,0.227476959030704,0.101968218870258,0.0411328497218004,0.0194674604752049,0.0337020211687832,0.0691815375494106,0.238497382675541,0.463107892403641,191821.4134,-456514.8258,60.1389,180701060603,"11088500"
22532978,2.59252843098132,3.49710918650702,2.52741347741584,0.850620202403232,0.275498244963017,0.11307994823142,0.0955809375153541,0.212105778832252,0.103281592972771,0.148159973145337,0.655304307064122,0.566915984724019,259123.0538,-476263.454,280.9818,180702020303,"11070465"
22548429,2.518949080708,4.33607588454247,2.75401888931691,0.82375795349243,0.202226407897882,0.0559522454613572,0.0182216762073098,0.00566960936549537,0.007711232684568,0.0847036217435442,0.1408324225614,0.68262961135851,255947.5868,-506271.1305,51.084,180703020501,"11044350"
22548457,2.20361269457042,3.13489365083121,2.85097127606172,1.22350547104651,0.379028809912512,0.192628114656377,0.0761437681797359,0.071077938985354,0.0719551264581538,0.164697576950234,0.380804629680654,0.775892217187891,256731.8632,-507449.6255,1576.9305,180703020503,"11044300"
22548475,2.4685596751537,4.10151820665547,2.88990802858147,0.883751110961004,0.238171485358582,0.0736517015320803,0.0203656511430492,0.00641318972564725,0.00710754428816362,0.084836781323686,0.18377006164758,0.640771377149262,260499.0553,-508016.7831,26.9676,180703020503,"11044250"
22549115,2.32176587343052,3.72758156092007,2.54414644598947,0.788805205747078,0.344333942220822,0.317054618450071,0.185931353730021,0.208446931767129,0.194694768522157,0.135077191761179,0.490086264462238,0.389280866976507,249808.1887,-515040.5562,18.7461,180703020504,"11045300"
22549471,2.01153764346831,2.9995692966004,2.58425925004175,1.43600901381696,0.547715452269051,0.279124362969366,0.0931767161238764,0.0851952262481671,0.0591565007660264,0.131774172316523,0.364929191289929,0.908894406580026,286104.9093,-501493.115,340.8246,180703020105,"11042400"
22554826,1.64770131793755,2.08442710323908,2.0791802490186,1.52469955140194,1.19070178494485,0.681306295997416,0.381408076872116,0.260393851697499,0.235051935865925,0.25034135149744,0.388963356417477,0.817430268147696,234173.1412,-419483.8398,119.8161,180702030305,"11062000"
22554872,2.38050872676407,2.81464898454347,2.20098752303336,1.27518643124501,0.652665473025562,0.345988426101077,0.209829018943592,0.157214785261619,0.136434518410812,0.16008045139679,0.39980628611321,0.842440579601365,245851.8936,-419594.4483,14.7096,180702030304,"11063680"
22555342,1.86279661210599,2.64235343615914,2.4118059767819,1.42117261274301,0.810082367149891,0.441264406673995,0.259475244115373,0.189993130300593,0.183039856516947,0.212741389637434,0.33753338971539,0.795664256992402,252008.9193,-422656.0625,23.949,180702030505,"11058500"
22555344,1.79754510047093,2.58077863716815,2.31958569953848,1.34708797424461,0.862074702096437,0.52355088292783,0.307280983711028,0.20610546914309,0.189444593795664,0.253535290963906,0.444077601528415,0.8069906526366,251377.3558,-421935.3155,15.0588,180702030505,"11058600"
22555756,1.75331274469751,2.48330847833022,2.46900515294079,1.52810056526884,0.918102529643736,0.469801991490094,0.264871082498074,0.187175871426791,0.174947044873496,0.22687861536215,0.319315632364636,0.736799274808867,259214.5656,-426360.5574,50.6448,180702030504,"11055800"
22555860,1.64455883385248,2.58039452631343,2.40870388249306,1.50611738319171,0.945660499481875,0.51129025412515,0.278512748898688,0.178507963225696,0.173016970121568,0.209262768016134,0.30167148409121,0.811638187970996,263627.3433,-429064.8266,44.1711,180702030503,"11055500"
22557744,1.7545964889347,2.61292962564056,2.38599511513281,1.62700891171692,0.857104844293107,0.391234113805419,0.210225041777822,0.149023914616155,0.148513132387727,0.187310294332817,0.416006704418967,0.821494294758985,233202.9121,-413837.1531,151.7202,180702030303,"11063510"
22557854,1.9722856561697,3.42115433919022,1.98612867124874,1.14445875415435,0.784101464995221,0.477708949608412,0.279748076495744,0.227474484861304,0.166493026068814,0.240047815996063,0.215943754763053,0.730368876794631,255675.2687,-425263.5994,8.2683,180702030505,"11058000"
22557922,1.93894386810418,2.52334053609172,2.55051712560884,1.50742400147865,0.923695891903809,0.451606027713179,0.186568093060213,0.132570995383776,0.14013776663704,0.152893623305693,0.331654332283612,0.692747404412252,249128.1382,-433929.0686,499.0419,180702030508,"11060400"
22557960,1.81627220785625,3.1227703296399,2.64978388908056,1.4458293281704,0.624393770143931,0.386745565282909,0.104479388008173,0.0633874475358473,0.0678965668314131,0.161665458545032,0.346348152057532,0.822185592719751,252206.336,-435721.1964,318.1545,180702030403,"11057500"
22563070,2.39510082125622,3.48436479160346,2.31205078327083,1.1428202193665,0.569444261083067,0.29582435879336,0.0817101563610246,0.0523247710326348,0.0761637518626789,0.133651233184652,0.357532764486919,0.703544116088089,221794.6239,-445267.784,190.3419,180702030705,"11073495"
22563268,2.02410346153261,3.25526312458538,2.70827217369624,1.46371271280192,0.452250665168821,0.306938179283396,0.198574904608216,0.125054419914822,0.0615575833122074,0.0872727747753064,0.170811938755112,0.698539623008695,232041.8128,-470336.144,23.5944,180702030605,"11071760"
22590047,0.914017723554703,1.06252325195067,1.13128968209748,1.32269864656494,1.67886611274739,1.50135307462914,1.18057147317646,0.750594829713923,0.420273526563487,0.431533411964507,0.58208261367554,0.655613810798136,293578.6824,-434327.2364,7.5186,181002010301,"10255895"
22592131,1.56862878791227,1.79514076123063,1.7376075953916,1.27789756363991,0.99206817727084,0.635452073260832,0.46697337539743,0.465238182109739,0.43480826424929,0.48651107091076,0.747237776914584,1.06818895408127,319624.0383,-466966.3615,23.1543,181002010205,"10259000"
22592497,2.06837106440592,3.03071063805737,2.4856740963959,1.01109619941265,0.336625022885429,0.119816218842156,0.278690628146638,0.344163285787482,0.323367741444167,0.138229168167007,0.319572437281716,0.994706732277654,334778.489,-480703.1246,81.4482,181002010503,"10259200"
22593463,1.26416036437214,1.6157864677795,1.69785637320427,1.19099455540913,1.50200689176676,0.945638993762094,0.595116981356883,0.551085982064683,0.427263417054743,0.414248715817178,0.530605036170975,0.763558146291259,307053.1775,-455147.4642,28.3086,181002010106,"10256500"
22593497,1.26820626495827,1.50427784948574,1.84999962009648,1.80474957590062,2.13173068250622,1.11294061469466,0.37748894800615,0.183483568456393,0.114579978203584,0.113095599333587,0.276772755343358,0.653046660203408,318594.1563,-462010.4358,44.1009,181002010204,"10258000"
22593529,1.68037023270647,2.36527910124264,2.0815452945468,1.58265297789145,0.657349010074862,0.398099627628924,0.330404171553771,0.35723490695953,0.264706079612366,0.28388324696534,0.521384663099565,1.21301115267804,331449.4832,-467699.1838,1925.4123,181002010606,"10259100"
22593537,2.08252475177242,3.10849331198523,2.93973516903619,1.11381833087564,0.317111134254893,0.107782968862899,0.185168659357172,0.246927225256842,0.243380368104583,0.128279870969311,0.240617090146718,0.741664806460252,321022.43,-468579.7432,244.3446,181002010203,"10258500"
22599679,1.16288990989407,1.71027301491836,0.764545872069842,0.161071030759603,0.297239500030781,0.610171993099329,1.20812758380926,3.20421807038913,0.541873107640058,1.29438440447467,0.703893763474614,0.178368714012393,386577.8834,-499014.6286,690.9012,181002040608,"10254050"
22658309,1.567587884096,1.99655871437329,2.41766902492539,1.75932956661031,1.21422571244838,0.60991833635841,0.334651349569033,0.15934533302665,0.144035515385502,0.195968294211565,0.348597101947105,0.736958477889791,255085.7144,-404375.6009,353.9556,180902080104,"10260500"
22684930,1.20991955645759,1.83597165466777,1.86379085620838,1.60249864464294,1.46139648807053,0.966933405335581,0.577244717961701,0.422806330313384,0.323512986794198,0.285725378690244,0.398303714363768,0.554056173433289,198515.5105,-397214.8753,59.4738,180902061002,"10263500"
24688709,2.49441789441812,2.24361046617477,2.06611360404836,1.43789720722543,0.761722395027958,0.353548030316054,0.128475717273798,0.0767161129727029,0.0615964811865936,0.184552476717385,0.605898368512099,1.36814095486553,-172558.0573,134950.1184,30241.2465,180201041203,"11389500"
948010118,2.96475352548304,3.03155500982649,1.97924656126943,0.937766304438023,0.320169792516097,0.138968145415041,0.0724368459753232,0.0457357205382987,0.0436342438161491,0.107167130639705,0.516260630796083,1.69617775076557,-235580.3296,50317.61453,57.4398,180101100702,"11466170"
948020238,2.59974005126905,2.70589684014496,2.12813177508915,1.18559659018547,0.520500498854899,0.207979431164897,0.0824725980623896,0.0517094814852369,0.0438554927233258,0.128148577041625,0.551495963431119,1.62042410551353,-190040.504,265697.7297,2395.3158,180201520806,"11376000"
948020312,0.913503791477678,1.18410117160452,1.3330830171277,1.56572060002749,1.85933470978381,1.26194009324578,0.627881649291283,0.615217127270078,0.407583800584774,0.411925288430499,0.683736428166793,0.949605039292527,-38066.30825,200434.2672,1510.5177,180201230404,"MFP"
948020788,1.06694545382574,1.16356283840769,1.1233121991646,2.11457332241237,2.7476729521204,1.24039922262452,0.392354286019465,0.288665094197206,0.238682586854054,0.297899089517402,0.404714006081373,0.731734474254684,-168593.0713,269355.455,487.9845,180201530106,"BNF"
948020789,1.05841077070793,1.15135394838788,1.17148254255474,2.11830438161155,2.73504144277006,1.24283694910524,0.393139887412916,0.284531605422035,0.235512723625178,0.293238582500748,0.405383539521707,0.724820292627863,-166420.0654,268873.6753,482.6709,180201530106,"BTW"
948020931,2.63156327988217,2.68151789668893,2.27395770511175,1.22142716316835,0.447965675602285,0.179505158024077,0.0624945122701171,0.0250203934232944,0.0244664655938212,0.0915016285608701,0.530654289198063,1.65634480244045,-251285.895,133487.3815,129.2895,180201160204,"MCU"
948040202,1.2354035498827,1.63051857650763,1.34830991183462,1.40541191586637,1.24712957213991,0.88459264283806,0.810529327839516,0.843800056709615,0.442431237799754,0.455174092375488,0.509522109704151,0.919900476150587,-108171.2092,-40983.34977,32704.0533,180400100705,"MRB"
948050091,2.88939503100459,3.08110618125727,2.00506854913071,0.981111605276027,0.330596408449228,0.142060761572755,0.0705558705065988,0.0429607582366123,0.0427253325926758,0.0980979936925758,0.480805268513989,1.71656504868911,-217785.5902,36979.73419,163.7838,180500020303,"11458500"
948060170,2.47849953679659,3.0046997668225,2.87352651637664,1.38128524050292,0.389828929717509,0.176312595205002,0.0718947094206029,0.0427433040066255,0.0495526773440462,0.0800024482509433,0.246463012652962,0.80459608868476,-118160.4758,-177615.2073,9172.6128,180600051405,"11151700"
948060250,3.51185931494768,3.14900436752645,2.21764818289212,1.02824730182284,0.25617839259158,0.0939753539598046,0.0422926899975874,0.0226613079302032,0.0333516736353692,0.0561917316459748,0.253833605473973,1.05297810472384,-135736.2667,-113284.3127,228.4686,180600020303,"11153650"
948060325,2.49221117858791,3.2153731521419,2.74196994911588,1.32371955447777,0.400879233259714,0.16766970828687,0.0789486496997194,0.0501552620238351,0.0463325863354268,0.0981018908711312,0.216247075340736,0.69343850243599,-38910.90401,-375499.081,2015.6607,180600100703,"11133000"
948070372,2.52290705626298,3.78735020768221,2.33009817378934,1.15818924822622,0.399182277997802,0.155234500035057,0.0554655492441062,0.0254026818837917,0.0293129487724086,0.0677669485682004,0.265822326819406,0.785043904913695,63603.41641,-406858.4656,488.295,180701010106,"11118500"
948090919,1.70839893512892,2.45401906947995,2.41151432909571,1.58516911372516,0.886542188996063,0.469442272213825,0.165704393644399,0.0913825733477493,0.0899530113075685,0.139451190630343,0.47835042424484,1.03611712595554,245705.9835,-379111.5282,1008.5895,180902080706,"10261500"
948091323,2.33570812360573,2.45278764125927,2.15139740191448,1.19405729079157,0.436234592066859,0.196386432656295,0.148786327146403,0.214967584897897,0.109916621551874,0.157696830154294,0.607706263070593,1.69518191977469,329575.9764,-324771.5553,4122.3807,180902082202,"10263000"
